,Grams,Calories,Protein,Fat,Sat.Fat,Fiber,Carbs,Food,Measure,Category
0,1.0,0.6762295081967213,0.03278688524590164,0.040983606557377046,0.036885245901639344,0.0,0.04918032786885246,Cows milk,1 qt.,Dairy products
1,1.0,0.36585365853658536,0.036585365853658534,0.0,0.0,0.0,0.052845528455284556,Milk skim,1 qt.,Dairy products
2,1.0,0.516260162601626,0.036585365853658534,0.02032520325203252,0.016260162601626018,0.0,0.052845528455284556,Buttermilk,1 cup,Dairy products
3,1.0,1.369047619047619,0.06349206349206349,0.07936507936507936,0.07142857142857142,0.0,0.09523809523809523,Evaporated undiluted,1 cup,Dairy products
4,1.0,0.9675828047921071,0.06272022551092318,0.02959830866807611,0.01620859760394644,0.0009866102889358702,0.08386187455954898,Fortified milk,6 cups,Dairy products
5,1.0,5.0,0.2621359223300971,0.27184466019417475,0.23300970873786409,0.0,0.3786407766990291,Powdered milk,1 cup,Dairy products
6,1.0,3.411764705882353,0.35294117647058826,0.0,0.0,0.0,0.49411764705882355,skim instant,1 1/3 cups,Dairy products
7,1.0,3.411764705882353,0.35294117647058826,0.0,0.0,0.011764705882352941,0.49411764705882355,skim non-instant,2/3 cup,Dairy products
8,1.0,0.6762295081967213,0.03278688524590164,0.040983606557377046,0.03278688524590164,0.0,0.045081967213114756,Goats' milk,1 cup,Dairy products
9,1.0,1.2777777777777777,0.044444444444444446,0.044444444444444446,0.040740740740740744,0.0,0.12962962962962962,(1/2 cup ice cream),2 cups,Dairy products
10,1.0,0.9325396825396826,0.031746031746031744,0.04365079365079365,0.03968253968253968,0.0,0.10317460317460317,Cocoa,1 cup,Dairy products
11,1.0,0.512,0.072,0.016,0.012,0.004,0.052,skim. milk,1 cup,Dairy products
12,1.0,1.1088709677419355,0.036290322580645164,0.04032258064516129,0.036290322580645164,0.0,0.16129032258064516,(cornstarch),1 cup,Dairy products
13,1.0,1.1491935483870968,0.05241935483870968,0.056451612903225805,0.04435483870967742,0.0,0.11290322580645161,Custard,1 cup,Dairy products
14,1.0,1.5957446808510638,0.031914893617021274,0.09574468085106383,0.0851063829787234,0.0,0.15425531914893617,Ice cream,1 cup,Dairy products
15,1.0,1.4473684210526316,0.04736842105263158,0.05263157894736842,0.04736842105263158,0.0,0.16842105263157894,Ice milk,1 cup,Dairy products
16,1.0,1.4166666666666667,0.03333333333333333,0.125,0.10833333333333334,0.0,0.041666666666666664,Cream or half-and-half,1/2 cup,Dairy products
17,1.0,3.6134453781512605,0.01680672268907563,0.3697478991596639,0.226890756302521,0.008403361344537815,0.025210084033613446,or whipping,1/2 cup,Dairy products
18,1.0,1.0666666666666667,0.13333333333333333,0.04888888888888889,0.044444444444444446,0.0,0.02666666666666667,Cheese,1 cup,Dairy products
19,1.0,0.8666666666666667,0.1688888888888889,0.0,0.0,0.0,0.02666666666666667,uncreamed,1 cup,Dairy products
20,1.0,4.117647058823529,0.23529411764705882,0.35294117647058826,0.29411764705882354,0.0,0.0,Cheddar,1-in. cube,Dairy products
21,1.0,4.035714285714286,0.25,0.3392857142857143,0.30357142857142855,0.0,0.017857142857142856,Cheddar grated cup,1/2 cup,Dairy products
22,1.0,3.75,0.07142857142857142,0.39285714285714285,0.35714285714285715,0.0,0.03571428571428571,Cream cheese,1 oz.,Dairy products
23,1.0,3.75,0.25,0.32142857142857145,0.2857142857142857,0.0,0.0,Processed cheese,1 oz.,Dairy products
24,1.0,3.75,0.21428571428571427,0.32142857142857145,0.2857142857142857,0.0,0.0,Roquefort type,1 oz.,Dairy products
25,1.0,3.75,0.25,0.2857142857142857,0.25,0.0,0.0,Swiss,1 oz.,Dairy products
26,1.0,1.5,0.12,0.12,0.1,0.0,0.0,Eggs raw,2,Dairy products
27,1.0,1.71875,0.1015625,0.125,0.109375,0.0,0.0078125,Eggs Scrambled or fried,2,Dairy products
28,1.0,3.5294117647058822,0.17647058823529413,0.29411764705882354,0.23529411764705882,0.0,0.0,Yolks,2,Fats Oils Shortenings
29,1.0,7.142857142857143,0.0,0.7857142857142857,0.7142857142857143,0.0,0.0,Butter,1T.,Fats Oils Shortenings
32,1.0,6.65,0.0,1.0,0.88,0.0,0.0,Hydrogenated cooking fat,1/2 cup,Fats Oils Shortenings
33,1.0,9.018181818181818,0.0,1.0,0.8363636363636363,0.0,0.0,Lard,1/2 cup,Fats Oils Shortenings
34,1.0,7.196428571428571,0.0,0.8125,0.6785714285714286,0.0,0.0,Margarine,1/2 cup,Fats Oils Shortenings
35,1.0,7.142857142857143,0.0,0.7857142857142857,0.6428571428571429,0.0,0.0,Margarine 2 pat or,1 T.,Fats Oils Shortenings
36,1.0,7.333333333333333,0.0,0.8,0.3333333333333333,0.0,0.0,Mayonnaise,1 T.,Fats Oils Shortenings
37,1.0,8.928571428571429,0.0,1.0,0.35714285714285715,0.0,0.0,Corn oil,1 T.,Fats Oils Shortenings
38,1.0,8.928571428571429,0.0,1.0,0.21428571428571427,0.0,0.0,Olive oil,1T.,Fats Oils Shortenings
39,1.0,8.928571428571429,0.0,1.0,0.21428571428571427,0.0,0.0,Safflower seed oil,1 T.,Fats Oils Shortenings
40,1.0,4.0,0.0,0.4,0.13333333333333333,0.0,0.13333333333333333,French dressing,1 T.,Fats Oils Shortenings
41,1.0,5.0,0.0,0.5333333333333333,0.2,0.0,0.06666666666666667,Thousand Island sauce,1 T.,Fats Oils Shortenings
43,1.0,5.9375,0.25,0.5,0.4375,0.0,0.0625,Bacon,2 slices,Meat Poultry
44,1.0,2.8823529411764706,0.27058823529411763,0.18823529411764706,0.17647058823529413,0.0,0.0,Beef,3 oz.,Meat Poultry
45,1.0,2.8823529411764706,0.24705882352941178,0.2,0.17647058823529413,0.0,0.0,Hamburger,3 oz.,Meat Poultry
46,1.0,2.176470588235294,0.2823529411764706,0.11764705882352941,0.10588235294117647,0.0,0.0,Ground lean,3 oz.,Meat Poultry
47,1.0,4.588235294117647,0.18823529411764706,0.4235294117647059,0.4117647058823529,0.0,0.0,Roast beef,3 oz.,Meat Poultry
48,1.0,3.8823529411764706,0.23529411764705882,0.3176470588235294,0.29411764705882354,0.0,0.0,Steak,3 oz.,Meat Poultry
49,1.0,2.588235294117647,0.2823529411764706,0.1411764705882353,0.12941176470588237,0.0,0.0,Steak lean as round,3 oz.,Meat Poultry
50,1.0,2.176470588235294,0.25882352941176473,0.11764705882352941,0.10588235294117647,0.0,0.0,Corned beef,3 oz.,Meat Poultry
51,1.0,1.411764705882353,0.1411764705882353,0.09411764705882353,0.08235294117647059,0.0,0.07058823529411765,Corned beef hash canned,3 oz.,Meat Poultry
52,1.0,2.0535714285714284,0.3392857142857143,0.07142857142857142,0.07142857142857142,0.0,0.0,Corned beef hash Dried,2 oz.,Meat Poultry
53,1.0,2.1145374449339207,0.07929515418502203,0.12334801762114538,0.11013215859030837,0.0,0.14096916299559473,Pot-pie,1 pie,Meat Poultry
54,1.0,0.7872340425531915,0.06382978723404255,0.0425531914893617,0.03829787234042553,0.0,0.06382978723404255,Corned beef hash Stew,1 cup,Meat Poultry
55,1.0,2.176470588235294,0.27058823529411763,0.10588235294117647,0.08235294117647059,0.0,0.0,chicken,3 oz.,Meat Poultry
56,1.0,2.8823529411764706,0.29411764705882354,0.17647058823529413,0.12941176470588237,0.0,0.0,Fried breast or leg and thigh chicken,3 oz.,Meat Poultry
57,1.0,2.9,0.25,0.2,0.16,0.0,0.0,Roasted chicken,3 1/2 oz.,Meat Poultry
58,1.0,1.4,0.22,0.14,0.12,0.0,0.023,Chicken livers fried,3 med.,Meat Poultry
59,1.0,3.7,0.16,0.28,0.0,0.0,0.0,Duck domestic,3 1/2 oz.,Meat Poultry
60,1.0,4.173913043478261,0.20869565217391303,0.30434782608695654,0.28695652173913044,0.0,0.0,Lamb chop broiled,4 oz.,Meat Poultry
61,1.0,3.6511627906976742,0.23255813953488372,0.16279069767441862,0.16279069767441862,0.0,0.0,Leg roasted,3 oz.,Meat Poultry
62,1.0,3.3529411764705883,0.21176470588235294,0.27058823529411763,0.24705882352941178,0.0,0.0,Shoulder braised,3 oz.,Meat Poultry
63,1.0,2.6,0.16,0.21,0.18,0.0,0.0,Pork chop 1 thick,3 1/2 oz.,Meat Poultry
64,1.0,3.411764705882353,0.18823529411764706,0.25882352941176473,0.2235294117647059,0.0,0.0,Ham pan-broiled,3 oz.,Meat Poultry
65,1.0,2.982456140350877,0.22807017543859648,0.22807017543859648,0.19298245614035087,0.0,0.0,Ham as ,2 oz.,Meat Poultry
66,1.0,2.8947368421052633,0.14035087719298245,0.24561403508771928,0.21052631578947367,0.0,0.017543859649122806,Ham canned spiced,2 oz.,Meat Poultry
67,1.0,3.6470588235294117,0.24705882352941178,0.2823529411764706,0.24705882352941178,0.0,0.0,Pork roast,3 oz.,Meat Poultry
68,1.0,4.75,0.18,0.44,0.4,0.0,0.0,Pork sausage,3 1/2 oz.,Meat Poultry
69,1.0,2.65,0.27,0.15,0.0,0.0,0.0,Turkey,3 1/2 oz.,Meat Poultry
70,1.0,2.176470588235294,0.27058823529411763,0.10588235294117647,0.09411764705882353,0.0,0.0,Veal,3 oz.,Meat Poultry
71,1.0,3.588235294117647,0.15294117647058825,0.16470588235294117,0.15294117647058825,0.0,0.0,Roast,3 oz.,Meat Poultry
72,1.0,1.0235294117647058,0.1411764705882353,0.011764705882352941,0.0,0.0,0.023529411764705882,Clams,3 oz.,Fish Seafood
73,1.0,1.7,0.28,0.05,0.0,0.0,0.0,Cod,3 1/2 oz.,Fish Seafood
74,1.0,1.0588235294117647,0.16470588235294117,0.023529411764705882,0.0,0.0,0.011764705882352941,Crab meat,3 oz.,Fish Seafood
75,1.0,1.7857142857142858,0.16964285714285715,0.08928571428571429,0.044642857142857144,0.0,0.07142857142857142,Fish sticks fried,5,Fish Seafood
76,1.0,2.0,0.3,0.08,0.0,0.0,0.0,Flounder,3 1/2 oz.,Fish Seafood
77,1.0,1.588235294117647,0.18823529411764706,0.058823529411764705,0.047058823529411764,0.0,0.07058823529411765,Haddock,3 oz.,Fish Seafood
78,1.0,1.82,0.26,0.08,0.0,0.0,0.0,Halibut,3 1/2 oz.,Fish Seafood
79,1.0,2.11,0.22,0.13,0.0,0.0,0.0,Herring,1 small,Fish Seafood
80,1.0,0.92,0.18,0.01,0.0,0.0,0.0,Lobster,aver.,Fish Seafood
82,1.0,1.0043478260869565,1.008695652173913,1.0130434782608695,1.017391304347826,1.0217391304347827,1.0260869565217392,Oysters,6-8 med.,Fish Seafood
83,1.0,1.4705882352941178,0.2235294117647059,0.07058823529411765,0.011764705882352941,0.0,0.0,Oyster stew,1 cup,Fish Seafood
84,1.0,1.411764705882353,0.2,0.058823529411764705,0.011764705882352941,0.0,0.0,Salmon,3 oz.,Fish Seafood
85,1.0,2.1176470588235294,0.25882352941176473,0.10588235294117647,0.047058823529411764,0.0,0.0,Sardines,3 oz.,Fish Seafood
86,1.0,1.04,0.18,0.08,0.0,0.0,0.1,Scallops,3 1/2 oz.,Fish Seafood
87,1.0,2.0,0.23529411764705882,0.11764705882352941,0.0,0.0,0.0,Shad,3 oz.,Fish Seafood
88,1.0,1.2941176470588236,0.27058823529411763,0.011764705882352941,0.0,0.0,0.0,Shrimp,3 oz.,Fish Seafood
89,1.0,1.8,0.27,0.06,0.0,0.0,0.0,Swordfish,1 steak,Fish Seafood
90,1.0,2.0,0.29411764705882354,0.08235294117647059,0.03529411764705882,0.0,0.0,Tuna,3 oz.,Fish Seafood
91,1.0,0.26,0.02,0.0,0.0,0.02,0.1,Artichoke,1 large,Vegetables A-E
92,1.0,0.1875,0.010416666666666666,0.0,0.0,0.005208333333333333,0.03125,Asparagus,6 spears,Vegetables A-E
93,1.0,0.2,0.008,0.0,0.0,0.0064,0.048,Beans,1 cup,Vegetables A-E
94,1.0,0.875,0.05,0.0,0.0,0.01875,0.15,Lima,1 cup,Vegetables A-E
95,1.0,1.3541666666666667,0.08333333333333333,0.0,0.0,0.010416666666666666,0.25,Lima dry cooked,1 cup,Vegetables A-E
96,1.0,1.25,0.055,0.03,0.03,0.01,0.185,Navy baked with pork,3/4 cup,Vegetables A-E
97,1.0,0.8846153846153846,0.057692307692307696,0.0038461538461538464,0.0,0.009615384615384616,0.16153846153846155,Red kidney,1 cup,Vegetables A-E
98,1.0,0.34,0.02,0.0,0.0,0.006,0.06,Bean sprouts,1 cup,Vegetables A-E
99,1.0,0.27,0.02,0.0,0.0,0.013999999999999999,0.06,Beet greens,1 cup,Vegetables A-E
101,1.0,0.3,0.03333333333333333,0.0,0.0,0.012666666666666666,0.05333333333333334,Broccoli,1 cup,Vegetables A-E
102,1.0,0.46153846153846156,0.046153846153846156,0.0,0.0,0.013076923076923076,0.09230769230769231,Brussels sprouts,1 cup,Vegetables A-E
103,1.0,0.21333333333333335,0.006666666666666667,0.0,0.0,0.008,0.04666666666666667,Sauerkraut,1 cup,Vegetables A-E
104,1.0,0.23529411764705882,0.011764705882352941,0.0,0.0,0.007647058823529412,0.052941176470588235,Steamed cabbage,1 cup,Vegetables A-E
105,1.0,0.3,0.006666666666666667,0.0,0.0,0.006,0.06666666666666667,Carrots,1 cup,Vegetables A-E
106,1.0,0.4090909090909091,0.00909090909090909,0.0,0.0,0.010909090909090908,0.09090909090909091,Raw grated,1 cup,Vegetables A-E
107,1.0,0.4,0.0,0.0,0.0,0.01,0.1,Strips from raw,1 mad.,Vegetables A-E
108,1.0,0.25,0.025,0.0,0.0,0.008333333333333333,0.05,Cauliflower,1 cup,Vegetables A-E
109,1.0,0.2,0.01,0.0,0.0,0.01,0.04,Celery,1 cup,Vegetables A-E
110,1.0,0.125,0.025,0.0,0.0,0.0075,0.025,Stalk raw,1 large,Vegetables A-E
111,1.0,0.2,0.013333333333333334,0.0,0.0,0.009333333333333332,0.04666666666666667,Chard steamed,1 cup,Vegetables A-E
112,1.0,0.34,0.03333333333333333,0.0,0.0,0.013333333333333334,0.05333333333333334,Collards,1 cup,Vegetables A-E
113,1.0,0.92,0.03,0.01,0.0,0.008,0.21,Corn,1 ear,Vegetables A-E
114,1.0,0.85,0.025,0.0,0.0,0.008,0.205,cooked or canned,1 cup,Vegetables A-E
115,1.0,0.12,0.0,0.0,0.0,0.004,0.02,Cucumbers,8,Vegetables A-E
116,1.0,0.4444444444444444,0.027777777777777776,0.005555555555555556,0.0,0.017777777777777778,0.08888888888888889,Dandelion greens,1 cup,Vegetables A-E
117,1.0,0.16666666666666666,0.011111111111111112,0.0,0.0,0.005555555555555556,0.05,Eggplant,1 cup,Vegetables A-E
118,1.0,0.17543859649122806,0.017543859649122806,0.0,0.0,0.010526315789473684,0.03508771929824561,Endive,2 oz.,Vegetables A-E
119,1.0,0.4090909090909091,0.03636363636363636,0.00909090909090909,0.0,0.008181818181818182,0.07272727272727272,Kale,1 cup,Vegetables F-P
120,1.0,0.2857142857142857,0.014285714285714285,0.0,0.0,0.010714285714285714,0.06428571428571428,Kohlrabi,1 cup,Vegetables F-P
121,1.0,0.32,0.03333333333333333,0.0,0.0,0.021333333333333336,0.04666666666666667,Lambs quarters steamed,1 cup,Vegetables F-P
122,1.0,1.06,0.075,0.0,0.0,0.012,0.19,Lentils,1 cup,Vegetables F-P
123,1.0,0.14,0.01,0.0,0.0,0.005,0.02,Lettuce,1/4 head,Vegetables F-P
124,1.0,0.13,0.0,0.0,0.0,0.005,0.03,Iceberg,1/4 head,Vegetables F-P
125,1.0,0.1,0.016666666666666666,0.0,0.0,0.0,0.03333333333333333,Mushrooms canned,4,Vegetables F-P
126,1.0,0.21428571428571427,0.02142857142857143,0.0,0.0,0.008571428571428572,0.04285714285714286,Mustard greens,1,Vegetables F-P
127,1.0,0.32,0.01,0.0,0.0,0.01,0.07,Okra,1 1/3 cups,Vegetables F-P
128,1.0,0.38095238095238093,0.009523809523809525,0.0,0.0,0.007619047619047619,0.08571428571428572,Onions,1,Vegetables F-P
129,1.0,0.44,0.0,0.0,0.0,0.02,0.1,Raw green,6 small,Vegetables F-P
130,1.0,0.04,0.0,0.0,0.0,0.0,0.0,Parsley,2 T.,Vegetables F-P
131,1.0,0.6129032258064516,0.012903225806451613,0.0064516129032258064,0.0,0.01935483870967742,0.14193548387096774,Parsnips,1 cup,Vegetables F-P
132,1.0,0.66,0.03,0.0,0.0,0.001,0.13,Peas,1 cup,Vegetables F-P
133,1.0,0.7,0.05,0.0,0.0,0.022000000000000002,0.12,Fresh steamed peas,1 cup,Vegetables R-Z
135,1.0,1.15,0.08,0.0,0.0,0.004,0.21,Split cooked peas,4 cups,Vegetables R-Z
136,1.0,0.53,0.03,0.0,0.0,0.01,0.1,heated peas,1 cup,Vegetables R-Z
137,1.0,0.2631578947368421,0.0,0.0,0.0,0.0,0.05263157894736842,Peppers canned,1 pod,Vegetables R-Z
138,1.0,0.25,0.01,0.0,0.0,0.013999999999999999,0.06,Peppers Raw green sweet,1 large,Vegetables R-Z
139,1.0,1.7,0.12666666666666668,0.06,0.05333333333333334,0.006666666666666667,0.16,Peppers with beef and crumbs,1 med.,Vegetables R-Z
140,1.0,1.0,0.02,0.0,0.0,0.005,0.22,Potatoes baked,1 med.,Vegetables R-Z
141,1.0,2.5833333333333335,-0.016666666666666666,0.11666666666666667,0.05,0.006666666666666667,0.3333333333333333,French-fried,10 pieces,Vegetables R-Z
142,1.0,1.15,0.02,0.06,0.055,0.0034999999999999996,0.14,Potatoes Mashed with milk and butter,1 cup,Vegetables R-Z
143,1.0,2.68,0.04,0.14,0.06,0.004,0.33,Potatoes pan-tried,3/4 cup,Vegetables R-Z
144,1.0,1.45,0.06,0.08,0.07,0.004,0.14,Scalloped with cheese potatoes,3/4 cup,Vegetables R-Z
145,1.0,0.8,0.02,0.0,0.0,0.004,0.19,Steamed potatoes before peeling,1 med.,Vegetables R-Z
146,1.0,5.5,0.05,0.35,0.2,0.0,0.5,Potato chips,10,Vegetables R-Z
147,1.0,0.2,0.0,0.0,0.0,0.006,0.04,Radishes,5 small,Vegetables R-Z
148,1.0,0.32,0.0,0.0,0.0,0.013999999999999999,0.08,Rutabagas,4 cups,Vegetables R-Z
149,1.0,1.3,0.11,0.055,0.0,0.016,0.1,Soybeans,1 cup,Vegetables R-Z
150,1.0,0.26,0.03,0.0,0.0,0.01,0.03,Spinach,1 cup,Vegetables R-Z
151,1.0,0.16666666666666666,0.004761904761904762,0.0,0.0,0.002857142857142857,0.0380952380952381,Squash,1 cup,Vegetables R-Z
152,1.0,0.475,0.02,0.0,0.0,0.013000000000000001,0.115,Winter mashed,1 cup,Vegetables R-Z
153,1.0,1.4090909090909092,0.01818181818181818,0.00909090909090909,0.0,0.00909090909090909,0.32727272727272727,Sweet potatoes,1 med.,Vegetables R-Z
154,1.0,1.3428571428571427,0.011428571428571429,0.03428571428571429,0.02857142857142857,0.008571428571428572,0.45714285714285713,Candied,1 med.,Vegetables R-Z
155,1.0,0.20833333333333334,0.008333333333333333,0.0,0.0,0.004166666666666667,0.0375,Tomatoes,1 cup,Vegetables R-Z
156,1.0,0.2,0.006666666666666667,0.0,0.0,0.004,0.04,Raw 2 by 2 1/2,1 med.,Vegetables R-Z
157,1.0,0.20833333333333334,0.008333333333333333,0.0,0.0,0.0025,0.041666666666666664,Tomato juice,1 cup,Vegetables R-Z
158,1.0,0.8823529411764706,0.0,0.0,0.0,0.0,0.23529411764705882,Tomato catsup,1 T.,Vegetables R-Z
159,1.0,0.3103448275862069,0.027586206896551724,0.006896551724137931,0.0,0.012413793103448275,0.05517241379310345,Turnip greens,1 cup,Vegetables R-Z
160,1.0,0.25806451612903225,0.0064516129032258064,0.0,0.0,0.011612903225806452,0.05806451612903226,Turnips steamed,1 cup,Vegetables R-Z
161,1.0,0.18,0.02,0.0,0.0,0.006,0.02,Watercress stems raw,1 cup,Fruits A-F
162,1.0,0.5,0.0,0.0,0.0,0.0,0.136,Apple juice canned,1 cup,Fruits A-F
163,1.0,0.14,0.0,0.0,0.0,0.0,0.03,Apple vinegar,1/3 cup,Fruits A-F
164,1.0,0.5384615384615384,0.0,0.0,0.0,0.007692307692307693,0.13846153846153847,Apples raw,1 med,Fruits A-F
165,1.0,0.4166666666666667,0.0,0.0,0.0,0.008333333333333333,0.10833333333333334,Stewed or canned,1 cup,Fruits A-F
166,1.0,0.88,0.008,0.0,0.0,0.004,0.228,Apricots,1 cup,Fruits A-F
167,1.0,2.933333333333333,0.05333333333333334,0.0,0.0,0.013333333333333334,0.6666666666666666,Dried uncooked,1/2 cup,Fruits A-F
168,1.0,0.4824561403508772,0.008771929824561403,0.0,0.0,0.0061403508771929825,0.12280701754385964,Fresh,3 med.,Fruits A-F
169,1.0,0.56,0.004,0.0,0.0,0.008,0.144,Nectar or juice,1 cup,Fruits A-F
170,1.0,1.712962962962963,0.018518518518518517,0.16666666666666666,0.1111111111111111,0.016666666666666666,0.05555555555555555,Avocado,1/2 large,Fruits A-F
171,1.0,0.5666666666666667,0.006666666666666667,0.0,0.0,0.006,0.15333333333333332,Banana,1 med.,Fruits A-F
172,1.0,0.5902777777777778,0.013888888888888888,0.006944444444444444,0.0,0.04583333333333333,0.13194444444444445,Blackberries,1 cup,Fruits A-F
173,1.0,0.98,0.004,0.0,0.0,0.008,0.26,Blueberries,1 cup,Fruits A-F
174,1.0,0.10526315789473684,0.002631578947368421,0.0,0.0,0.005789473684210527,0.02368421052631579,Cantaloupe,1/2 med.,Fruits A-F
175,1.0,0.38910505836575876,0.007782101167315175,0.0038910505836575876,0.0,0.007782101167315175,0.10116731517509728,Cherries,1 cup,Fruits A-F
176,1.0,0.5701754385964912,0.008771929824561403,0.0,0.0,0.007017543859649123,0.13157894736842105,Fresh raw,1 cup,Fruits A-F
177,1.0,1.9133574007220218,0.0,0.0,0.0,0.004332129963898917,0.5126353790613718,Cranberry sauce sweetened,1 cup,Fruits A-F
178,1.0,2.837078651685393,0.02247191011235955,0.0,0.0,0.020224719101123598,0.7528089887640449,Dates,1 cup,Fruits A-F
179,1.0,2.857142857142857,0.047619047619047616,0.0,0.0,0.04523809523809524,0.7142857142857143,Figs,2,Fruits A-F
180,1.0,0.7894736842105263,0.017543859649122806,0.0,0.0,0.008771929824561403,0.19298245614035087,Fresh raw figs,3 med.,Fruits A-F
181,1.0,1.1304347826086956,0.008695652173913044,0.0,0.0,0.008695652173913044,0.2782608695652174,figs Canned with syrup ,3,Fruits A-F
182,1.0,0.76171875,0.00390625,0.0,0.0,0.001953125,0.1953125,Fruit cocktail canned,1 cup,Fruits A-F
183,1.0,0.68,0.004,0.0,0.0,0.002,0.176,Grapefruit sections,1 cup,Fruits G-P
184,1.0,0.17543859649122806,0.0035087719298245615,0.0,0.0,0.0035087719298245615,0.04912280701754386,"Grapefruit fresh 5"" diameter",1/2,Fruits G-P
185,1.0,0.4,0.004,0.0,0.0,0.004,0.096,Grapefruit juice,1 cup,Fruits G-P
186,1.0,0.45751633986928103,0.006535947712418301,0.0,0.0,0.005228758169934641,0.10457516339869281,Grapes,1 cup,Fruits G-P
187,1.0,0.625,0.00625,0.0,0.0,0.0043749999999999995,0.1625,European as Muscat Tokay,1 cup,Fruits G-P
188,1.0,0.64,0.004,0.0,0.0,0.0,0.168,Grape juice,1 cup,Fruits G-P
189,1.0,0.24,0.0,0.0,0.0,0.0,0.08,Lemon juice,1/2 cup,Fruits G-P
190,1.0,1.9545454545454546,0.0,0.0,0.0,0.0,0.509090909090909,Lemonade concentratefrozen,6-oz. can,Fruits G-P
191,1.0,1.8577981651376148,0.0,0.0,0.0,0.0,0.4954128440366973,Limeade concentrate frozen,6-oz. can,Fruits G-P
192,1.0,1.1076923076923078,0.015384615384615385,0.15384615384615385,0.13846153846153847,0.012307692307692308,0.046153846153846156,Olives large,10,Fruits G-P
193,1.0,1.6153846153846154,0.015384615384615385,0.2,0.18461538461538463,0.015384615384615385,0.015384615384615385,OlivesRipe,10,Fruits G-P
194,1.0,0.3333333333333333,0.011111111111111112,0.0,0.0,0.005555555555555556,0.08888888888888889,"Oranges 3"" diameter",1 med.,Fruits G-P
195,1.0,0.448,0.008,0.0,0.0,0.0008,0.1,Orange juice,8 oz. or,Fruits G-P
196,1.0,1.5714285714285714,0.009523809523809525,0.0,0.0,0.0019047619047619048,0.37142857142857144,Frozen ,6-oz. can,Fruits G-P
197,1.0,0.375,0.005,0.0,0.0,0.009000000000000001,0.09,Papaya,1/2 med.,Fruits G-P
198,1.0,0.7782101167315175,0.0038910505836575876,0.0,0.0,0.0038910505836575876,0.20233463035019456,Peaches,1 cup,Fruits G-P
200,1.0,0.7647058823529411,0.00392156862745098,0.0,0.0,0.00784313725490196,0.19607843137254902,Pears,1 cup,Fruits G-P
201,1.0,0.5494505494505495,0.005494505494505495,0.005494505494505495,0.0,0.01098901098901099,0.13736263736263737,Raw 3 by 2V,1 med.,Fruits G-P
202,1.0,0.6,0.008,0.0,0.0,0.016,0.16,Persimmons,1 med.,Fruits G-P
203,1.0,0.7786885245901639,0.0,0.0,0.0,0.003278688524590164,0.21311475409836064,Pineapple,1 large slice,Fruits G-P
204,1.0,0.7884615384615384,0.0038461538461538464,0.0,0.0,0.002692307692307692,0.21153846153846154,Pineapple Crushed,1 cup,Fruits G-P
205,1.0,0.5357142857142857,0.007142857142857143,0.0,0.0,0.004285714285714286,0.1357142857142857,Raw diced,1 cup,Fruits G-P
206,1.0,0.48,0.004,0.0,0.0,0.0008,0.128,Pineapple juice,1 cup,Fruits G-P
207,1.0,0.72265625,0.00390625,0.0,0.0,0.002734375,0.1953125,Plums,1 cup,Fruits G-P
208,1.0,0.5,0.0,0.0,0.0,0.0033333333333333335,0.11666666666666667,"Raw 2"" diameter",1,Fruits G-P
209,1.0,1.1111111111111112,0.011111111111111112,0.003703703703703704,0.0,0.0029629629629629632,0.3,Prunes,1 cup,Fruits G-P
210,1.0,0.7083333333333334,0.004166666666666667,0.0,0.0,0.0029166666666666664,0.1875,Prune juice,1 cup,Fruits G-P
211,1.0,2.6136363636363638,0.022727272727272728,0.0,0.0,0.007954545454545454,0.9318181818181818,Raisins,1/2 cup,Fruits R-Z
212,1.0,1.0,0.0,0.0,0.0,0.02,0.25,Raspberries,1/2 cup,Fruits R-Z
213,1.0,0.57,0.0,0.0,0.0,0.05,0.14,Raw red,3/4 cup,Fruits R-Z
214,1.0,1.4259259259259258,0.003703703703703704,0.0,0.0,0.007037037037037037,0.362962962962963,Rhubarb sweetened,1 cup,Fruits R-Z
215,1.0,1.066079295154185,0.004405286343612335,0.0,0.0,0.005726872246696035,0.2643171806167401,Strawberries,1 cup,Fruits R-Z
216,1.0,0.3624161073825503,0.0,0.0,0.0,0.012751677852348993,0.08053691275167785,Raw,1 cup,Fruits R-Z
217,1.0,0.3508771929824561,0.008771929824561403,0.0,0.0,0.008771929824561403,0.08771929824561403,Tangerines,I med.,Fruits R-Z
218,1.0,0.12972972972972974,0.002162162162162162,0.001081081081081081,0.0,0.003891891891891892,0.03135135135135135,Watermelon,1 wedge,Fruits R-Z
219,1.0,3.4210526315789473,0.07894736842105263,0.10526315789473684,0.07894736842105263,0.0,0.47368421052631576,Biscuits,1,Breads cereals fastfoodgrains
220,1.0,4.68,0.12,0.0,0.0,0.004,1.28,Bran flakes,1 cup,Breads cereals fastfoodgrains
221,1.0,2.608695652173913,0.08695652173913043,0.043478260869565216,0.043478260869565216,0.004347826086956522,0.5217391304347826,Bread cracked wheat,1 slice,Breads cereals fastfoodgrains
222,1.0,2.391304347826087,0.08695652173913043,0.043478260869565216,0.043478260869565216,0.004347826086956522,0.5217391304347826,Rye,1 slice,Breads cereals fastfoodgrains
223,1.0,2.698237885462555,0.08590308370044053,0.03303964757709251,0.02643171806167401,0.019823788546255508,0.5044052863436124,White 20 slices or,1-lb. loaf,Breads cereals fastfoodgrains
224,1.0,2.4229074889867843,0.10572687224669604,0.030837004405286344,0.022026431718061675,0.1486784140969163,0.47577092511013214,Whole-wheat,1-lb. loaf,Breads cereals fastfoodgrains
226,1.0,2.0,0.06,0.08,0.04,0.006,0.3,Corn bread ground meal,1 serving,Breads cereals fastfoodgrains
227,1.0,4.4,0.08,0.0,0.0,0.004,1.0,Cornflakes,1 cup,Breads cereals fastfoodgrains
228,1.0,0.49586776859504134,0.03305785123966942,0.0,0.0,0.0008264462809917356,0.1115702479338843,Corn grits cooked,1 cup,Breads cereals fastfoodgrains
229,1.0,3.0508474576271185,0.07627118644067797,0.03389830508474576,0.01694915254237288,0.013559322033898306,0.6271186440677966,Corn meal,1 cup,Breads cereals fastfoodgrains
230,1.0,3.9285714285714284,0.07142857142857142,0.07142857142857142,0.0,0.0,0.7142857142857143,Crackers,2 med.,Breads cereals fastfoodgrains
231,1.0,4.090909090909091,0.09090909090909091,0.09090909090909091,0.0,0.0,0.7272727272727273,Soda 2 1/2 square,2,Breads cereals fastfoodgrains
232,1.0,0.4411764705882353,0.012605042016806723,0.0,0.0,0.03361344537815126,0.09243697478991597,Farina,1 cup,Breads cereals fastfoodgrains
233,1.0,4.181818181818182,0.35454545454545455,0.2,0.0,0.026363636363636363,0.3,Flour,1 cup,Breads cereals fastfoodgrains
234,1.0,3.6363636363636362,0.10909090909090909,0.00909090909090909,0.0,0.002727272727272727,0.7636363636363637,Wheat (all purpose),1 cup,Breads cereals fastfoodgrains
235,1.0,3.25,0.10833333333333334,0.016666666666666666,0.0,0.02333333333333333,0.6583333333333333,Wheat (whole),1 cup,Breads cereals fastfoodgrains
236,1.0,1.1071428571428572,0.03571428571428571,0.007142857142857143,0.0,0.0007142857142857143,0.22857142857142856,Macaroni,1 cup,Breads cereals fastfoodgrains
237,1.0,2.159090909090909,0.08181818181818182,0.11363636363636363,0.10909090909090909,0.0,0.2,Baked with cheese,1 cup,Breads cereals fastfoodgrains
238,1.0,2.8125,0.08333333333333333,0.10416666666666667,0.08333333333333333,0.0,0.3958333333333333,Muffins,1,Breads cereals fastfoodgrains
239,1.0,1.25,0.04375,0.0125,0.0125,0.000625,0.23125,Noodles,1 cup,Breads cereals fastfoodgrains
240,1.0,0.635593220338983,0.0211864406779661,0.012711864406779662,0.00847457627118644,0.01949152542372881,0.11016949152542373,Oatmeal,1 cup,Breads cereals fastfoodgrains
241,1.0,2.314814814814815,0.06481481481481481,0.08333333333333333,0.0,0.000925925925925926,0.25925925925925924,"Pancakes 4"" diam.",4,Breads cereals fastfoodgrains
242,1.0,2.314814814814815,0.06481481481481481,0.08333333333333333,0.0,0.000925925925925926,0.25925925925925924,"Wheat pancakes 4"" diam.",4,Breads cereals fastfoodgrains
243,1.0,2.4,0.10666666666666667,0.08,0.06666666666666667,0.0,0.30666666666666664,"Pizza 14"" diam.",1 section,Breads cereals fastfoodgrains
244,1.0,5.428571428571429,0.10714285714285714,0.25,0.07142857142857142,0.017857142857142856,0.7142857142857143,Popcorn salted,2 cups,Breads cereals fastfoodgrains
245,1.0,3.9285714285714284,0.0,0.0,0.0,0.0,0.8571428571428571,Puffed rice,1 cup,Breads cereals fastfoodgrains
246,1.0,3.75,0.03571428571428571,0.0,0.0,0.02142857142857143,0.9285714285714286,Puffed wheat presweetened,1 cup,Breads cereals fastfoodgrains
247,1.0,3.5961538461538463,0.07211538461538461,0.014423076923076924,0.0,0.005769230769230769,0.7403846153846154,Rice,1 cup,Breads cereals fastfoodgrains
248,1.0,3.620320855614973,0.0748663101604278,0.0,0.0,0.0021390374331550803,0.7593582887700535,Converted,1 cup,Breads cereals fastfoodgrains
249,1.0,3.6230366492146597,0.07329842931937172,0.0,0.0,0.0015706806282722511,0.7853403141361257,White,1 cup,Breads cereals fastfoodgrains
250,1.0,3.8333333333333335,0.06666666666666667,0.0,0.0,0.0033333333333333335,0.8666666666666667,Rice flakes,1 cup,Breads cereals fastfoodgrains
251,1.0,2.64,0.12,0.12,0.0,0.024,0.56,Rice polish,1/2 cup,Breads cereals fastfoodgrains
252,1.0,8.22,0.06,0.24,0.22,0.002,0.46,Rolls,1 large,Breads cereals fastfoodgrains
253,1.0,3.026315789473684,0.07894736842105263,0.05263157894736842,0.05263157894736842,0.0,0.5263157894736842,of refined flour,1,Breads cereals fastfoodgrains
254,1.0,2.55,0.1,0.025,0.0,0.0025,0.5,whole-wheat,1,Breads cereals fastfoodgrains
255,1.0,1.14,0.052,0.04,0.024,0.002,0.14,Spaghetti with meat sauce,1 cup,Breads cereals fastfoodgrains
256,1.0,0.84,0.024,0.02,0.012,0.002,0.144,with tomatoes and cheese,1 cup,Breads cereals fastfoodgrains
257,1.0,0.868,0.016,0.016,0.0,0.0048,0.16,Spanish rice,1 cup,Breads cereals fastfoodgrains
258,1.0,3.5714285714285716,0.10714285714285714,0.03571428571428571,0.0,0.024999999999999998,0.8214285714285714,Shredded wheat biscuit,1,Breads cereals fastfoodgrains
259,1.0,3.2,0.10666666666666667,0.12,0.013333333333333334,0.0013333333333333335,0.4,Waffles,1,Breads cereals fastfoodgrains
260,1.0,3.6029411764705883,0.25,0.10294117647058823,0.04411764705882353,0.03676470588235294,0.5,Wheat germ,1 cup,Breads cereals fastfoodgrains
261,1.0,4.0,0.3076923076923077,0.1076923076923077,0.046153846153846156,0.038461538461538464,0.5538461538461539,Wheat-germ cereal toasted,1 cup,Breads cereals fastfoodgrains
262,1.0,3.433333333333333,0.13333333333333333,0.03333333333333333,0.0,0.02333333333333333,0.8333333333333334,Wheat meal cereal unrefined,3/4 cup,Breads cereals fastfoodgrains
263,1.0,1.375,0.06,0.005,0.0,0.022000000000000002,0.175,Wheat cooked,3/4 cup,Breads cereals fastfoodgrains
264,1.0,0.76,0.032,0.02,0.016,0.0024,0.12,Bean soups,1 cup,Soups
265,1.0,0.4,0.024,0.016,0.016,0.002,0.044,Beef soup,1 cup,Soups
266,1.0,0.1,0.020833333333333332,0.0,0.0,0.0,0.0,Bouillon,1 cup,Soups
267,1.0,0.3,0.016,0.008,0.008,0.0,0.04,chicken soup,1 cup,Soups
268,1.0,0.3333333333333333,0.0196078431372549,0.00784313725490196,0.03137254901960784,0.00196078431372549,0.047058823529411764,Clam chowder,1 cup,Soups
269,1.0,0.7843137254901961,0.027450980392156862,0.047058823529411764,0.043137254901960784,0.004705882352941176,0.07058823529411765,Cream soups,1 cup,Soups
270,1.0,0.46,0.024,0.016,0.012,0.0008,0.052,Noodle,1 cup,Soups
271,1.0,0.588,0.032,0.012,0.012,0.002,0.1,Split-pea soup,1 cup,Soups
272,1.0,0.7142857142857143,0.024489795918367346,0.02857142857142857,0.024489795918367346,0.0020408163265306124,0.08979591836734693,Tomato soup,1 cup,Soups
273,1.0,0.32,0.016,0.008,0.008,0.0,0.056,Vegetable,1 cup,Soups
274,1.0,1.5,0.01,0.04,0.0,0.005,0.29,Apple betty,1 serving,Desserts sweets
275,1.0,1.87,0.055,0.06,0.055,0.001,0.28,Bread pudding,3/4 cup,Desserts sweets
276,1.0,2.75,0.075,0.0,0.0,0.0,0.575,Cakes,1 slice,Desserts sweets
277,1.0,3.5,0.041666666666666664,0.11666666666666667,0.1,0.0025,0.5833333333333334,Chocolate fudge,1 slice,Desserts sweets
278,1.0,3.2,0.06,0.06,0.04,0.0,0.62,Cupcake,1,Desserts sweets
279,1.0,3.5,0.06666666666666667,0.13333333333333333,0.1,0.006666666666666667,0.5666666666666667,Fruit cake,1 slice,Desserts sweets
280,1.0,3.272727272727273,0.03636363636363636,0.12727272727272726,0.10909090909090909,0.0,0.509090909090909,Gingerbread,1 slice,Desserts sweets
281,1.0,3.272727272727273,0.07272727272727272,0.09090909090909091,0.07272727272727272,0.0,0.5636363636363636,Plain with no icing,1 slice,Desserts sweets
282,1.0,2.875,0.075,0.05,0.05,0.0,0.55,Sponge cake,1 slice,Desserts sweets
283,1.0,4.16,0.0,0.12,0.12,0.0,0.76,Candy,5,Desserts sweets
284,1.0,4.333333333333333,0.0,0.13333333333333333,0.13333333333333333,0.0,0.8,Chocolate creams,2,Desserts sweets
285,1.0,4.111111111111111,0.0,0.13333333333333333,0.12222222222222222,0.0011111111111111111,0.8888888888888888,Fudge,2 pieces,Desserts sweets
286,1.0,3.2142857142857144,0.0,0.0,0.0,0.0,1.0,Hard candies,1 oz.,Desserts sweets
287,1.0,3.2666666666666666,0.03333333333333333,0.0,0.0,0.0,0.7666666666666667,Marshmallows,5,Desserts sweets
288,1.0,5.178571428571429,0.03571428571428571,0.10714285714285714,0.10714285714285714,0.0035714285714285718,0.7857142857142857,Milk chocolate,2-oz. bar,Desserts sweets
289,1.0,2.0,0.0,0.0,0.0,0.0,0.55,Chocolate syrup,2 T.,Desserts sweets
290,1.0,4.090909090909091,0.06060606060606061,0.21212121212121213,0.12121212121212122,0.0,0.5151515151515151,Doughnuts,1,Desserts sweets
291,1.0,0.6485355648535565,0.016736401673640166,0.0,0.0,0.0,0.1506276150627615,Gelatin made with water,1 cup,Desserts sweets
292,1.0,2.857142857142857,0.0,0.0,0.0,0.0,0.7142857142857143,Honey,2 T.,Jams Jellies
294,1.0,0.78,0.0,0.0,0.0,0.0,0.32,Ices,1 cup,Desserts sweets
295,1.0,2.75,0.0,0.0,0.0,0.0,0.7,preserves,1 T.,Jams Jellies
296,1.0,2.5,0.0,0.0,0.0,0.0,0.65,Jellies,1 T.,Jams Jellies
297,1.0,2.25,0.0,0.0,0.0,0.4,0.55,Molasses,1 T.,Jams Jellies
298,1.0,2.5,0.0,0.0,0.0,0.0,0.65,Cane Syrup,1 T.,Jams Jellies
299,1.0,2.4444444444444446,0.022222222222222223,0.0962962962962963,0.08148148148148149,0.0007407407407407408,0.3925925925925926,"9"" diam. pie",1 slice,Desserts sweets
300,1.0,2.5185185185185186,0.022222222222222223,0.0962962962962963,0.08148148148148149,0.0007407407407407408,0.4074074074074074,Cherry Pie,1 slice,Desserts sweets
302,1.0,2.5,0.03333333333333333,0.1,0.08333333333333333,0.0008333333333333334,0.375,Lemon meringue,1 slice,Desserts sweets
303,1.0,2.5185185185185186,0.022222222222222223,0.06666666666666667,0.05925925925925926,0.005185185185185185,0.45925925925925926,Mince,1 slice,Desserts sweets
304,1.0,2.0384615384615383,0.038461538461538464,0.09230769230769231,0.08461538461538462,0.06153846153846154,0.26153846153846155,Pumpkin Pie,1 slice,Desserts sweets
305,1.0,3.85,0.0,0.0,0.0,0.0,0.995,Puddings Sugar,1 cup,Desserts sweets
306,1.0,4.166666666666667,0.0,0.0,0.0,0.0,1.0,3 teaspoons sugar,1 T.,Desserts sweets
307,1.0,3.7045454545454546,0.0,0.0,0.0,0.0,0.9545454545454546,Brown firm-packed dark sugar,1 cup,Jams Jellies
308,1.0,2.5,0.0,0.0,0.0,0.0,0.625,Syrup,2 T.,Jams Jellies
309,1.0,2.75,0.0,0.0,0.0,0.0,0.725,table blends sugar,2 T.,Jams Jellies
310,1.0,1.34,0.04,0.04,0.036,0.0,0.168,Tapioca cream pudding,1 cup,Desserts sweets
311,1.0,6.071428571428571,0.18571428571428572,0.5428571428571428,0.4,0.025714285714285714,0.18571428571428572,Almonds,1/2 cup,Seeds and Nuts
312,1.0,6.271428571428571,0.18571428571428572,0.5714285714285714,0.44285714285714284,0.025714285714285714,0.18571428571428572,roasted and salted,1/2 cup,Seeds and Nuts
313,1.0,6.5285714285714285,0.14285714285714285,0.6714285714285714,0.44285714285714284,0.02857142857142857,0.1,Brazil nuts,1/2 cup,Seeds and Nuts
314,1.0,5.6,0.17142857142857143,0.45714285714285713,0.4,0.012857142857142857,0.2857142857142857,Cashews,1/2 cup,Seeds and Nuts
315,1.0,5.48,0.02,0.4,0.38,0.04,0.52,coconut sweetened,1/2 cup,Seeds and Nuts
316,1.0,6.0,0.24,0.5,0.34,0.018000000000000002,0.18,Peanut butter,1/3 cup,Seeds and Nuts
317,1.0,5.68,0.26,0.48,0.2,0.018000000000000002,0.16,Peanut butter natural,1/3 cup,Seeds and Nuts
318,1.0,5.8,0.26,0.5,0.32,0.024,0.18,Peanuts,1/3 cup,Seeds and Nuts
319,1.0,6.596153846153846,0.09615384615384616,0.6730769230769231,0.4807692307692308,0.021153846153846155,0.1346153846153846,Pecans,1/2 cup,Seeds and Nuts
320,1.0,5.6,0.18,0.48,0.26,0.062,0.2,Sesame seeds,1/2 cup,Seeds and Nuts
321,1.0,5.6,0.24,0.52,0.14,0.038,0.2,Sunflower seeds,1/2 cup,Seeds and Nuts
322,1.0,6.5,0.14,0.64,0.14,0.02,0.16,Walnuts,1/2 cup,Seeds and Nuts
323,1.0,0.475,0.0,0.0,0.0,0.0,0.016666666666666666,Beer,2 cups,DrinksAlcohol Beverages
324,1.0,2.5,0.0,0.0,0.0,0.0,0.0,Gin,1 oz.,DrinksAlcohol Beverages
325,1.0,1.3666666666666667,0.0,0.0,0.0,0.0,0.075,Wines,1/2 cup,DrinksAlcohol Beverages
326,1.0,0.8333333333333334,0.0,0.0,0.0,0.0,0.041666666666666664,Table (12.2% alcohol),1/2 cup,DrinksAlcohol Beverages
327,1.0,0.0,0.0,0.0,0.0,0.0,0.0,Carbonated drinks Artificially sweetened,12 oz.,DrinksAlcohol Beverages
328,1.0,0.0,0.0,0.0,0.0,0.0,0.0,Club soda,12 oz.,DrinksAlcohol Beverages
329,1.0,0.3959537572254335,0.0,0.0,0.0,0.0,0.10982658959537572,Cola drinks,12 oz.,DrinksAlcohol Beverages
330,1.0,0.4653179190751445,0.0,0.0,0.0,0.0,0.12138728323699421,Fruit-flavored soda,12 oz.,DrinksAlcohol Beverages
331,1.0,0.30346820809248554,0.0,0.0,0.0,0.0,0.08092485549132948,Ginger ale,12 oz.,DrinksAlcohol Beverages
332,1.0,0.4046242774566474,0.0,0.0,0.0,0.0,0.10115606936416185,Root beer,12 oz.,DrinksAlcohol Beverages
333,1.0,0.013043478260869565,0.0,0.0,0.0,0.0,0.004347826086956522,Coffee,1 cup,DrinksAlcohol Beverages
334,1.0,0.017391304347826087,0.0,0.0,0.0,0.0,0.004347826086956522,Tea,1 cup,DrinksAlcohol Beverages
